epoch,train_loss,val_acc,early_stop_counter
1,,0.251063829787234,0
2,,0.251063829787234,0
3,,0.251063829787234,1
4,,0.251063829787234,2
5,,0.251063829787234,3
