epoch,train_loss,val_acc,early_stop_counter
1,,0.24893617021276596,0
2,,0.24893617021276596,0
3,,0.24893617021276596,1
4,,0.24893617021276596,2
5,,0.24893617021276596,3
