epoch,train_loss,val_acc,early_stop_counter
1,,0.24946695095948826,0
2,,0.24946695095948826,0
3,,0.24946695095948826,1
4,,0.24946695095948826,2
5,,0.24946695095948826,3
